timestamp,Voltage_V,Current_A,Active_Power_W,Reactive_Power_VAR,TV-LG_Status,Toaster_Status,HandMixer_Status,MacBookPro2011-2_Status,MacBookPro2011-1_Status,VaccumCleaner_Status,Stove-Oven_Status,TV-Philips_Status,Fridge-Freezer_Status,CoffeeMachine_Status,HairDryer-Straightener_Status,Freezer_Status,TV-Sharp_Status,Kettle_Status,MacBook2007_Status,Number_Active_Devices
2016-10-24 00:19:53.000,228.44177,2.299118,437.0407,-291.1148,0,0,0,1,0,0,0,1,0,0,0,0,1,0,0,3
2016-10-24 00:19:53.020,228.45581,2.318344,442.1997,-291.1148,0,0,0,0,0,0,0,0,0,0,0,0,0,0,0,0
2016-10-24 00:19:53.040,228.48389,2.3135376,440.7257,-291.8518,0,0,0,0,0,0,0,0,0,0,0,0,0,0,0,0
2016-10-24 00:19:53.060,228.42773,2.308731,438.5147,-292.5888,0,0,0,0,0,0,0,0,0,0,0,0,0,0,0,0
2016-10-24 00:19:53.080,228.4137,2.3103333,439.9887,-291.1148,0,0,0,0,0,0,0,0,0,0,0,0,0,0,0,0
2016-10-24 00:19:53.100,228.44177,2.3135376,440.7257,-291.8518,0,0,0,0,0,0,0,0,0,0,0,0,0,0,0,0
2016-10-24 00:19:53.120,228.46985,2.3231506,442.9367,-292.5888,0,0,0,0,0,0,0,0,0,0,0,0,0,0,0,0
2016-10-24 00:19:53.140,228.45581,2.3119354,439.9887,-291.8518,0,0,0,0,0,0,0,0,0,0,0,0,0,0,0,0
2016-10-24 00:19:53.160,228.38562,2.3151398,440.7257,-291.8518,0,0,0,0,0,0,0,0,0,0,0,0,0,0,0,0
2016-10-24 00:19:53.180,228.37158,2.355194,454.7287,-286.6928,0,0,0,0,0,0,0,0,0,0,0,0,0,0,0,0
2016-10-24 00:19:53.200,228.39966,2.3423767,449.5697,-289.6408,0,0,0,0,0,0,0,0,0,0,0,0,0,0,0,0
2016-10-24 00:19:53.220,228.37158,2.316742,439.9887,-292.5888,0,0,0,0,0,0,0,0,0,0,0,0,0,0,0,0
2016-10-24 00:19:53.240,228.37158,2.3103333,439.9887,-291.1148,0,0,0,0,0,0,0,0,0,0,0,0,0,0,0,0
2016-10-24 00:19:53.260,228.42773,2.3231506,443.6737,-291.1148,0,0,0,0,0,0,0,0,0,0,0,0,0,0,0,0
2016-10-24 00:19:53.280,228.45581,2.3135376,440.7257,-291.1148,0,0,0,0,0,0,0,0,0,0,0,0,0,0,0,0
2016-10-24 00:19:53.300,228.4137,2.3231506,443.6737,-291.1148,0,0,0,0,0,0,0,0,0,0,0,0,0,0,0,0
2016-10-24 00:19:53.320,228.39966,2.3199463,442.9367,-289.6408,0,0,0,0,0,0,0,0,0,0,0,0,0,0,0,0
2016-10-24 00:19:53.340,228.44177,2.3135376,441.4627,-289.6408,0,0,0,0,0,0,0,0,0,0,0,0,0,0,0,0
2016-10-24 00:19:53.360,228.46985,2.3343658,447.3587,-289.6408,0,0,0,0,0,0,0,0,0,0,0,0,0,0,0,0
2016-10-24 00:19:53.380,228.49792,2.3151398,441.4627,-290.3778,0,0,0,0,0,0,0,0,0,0,0,0,0,0,0,0
2016-10-24 00:19:53.400,228.44177,2.3231506,444.4107,-289.6408,0,0,0,0,0,0,0,0,0,0,0,0,0,0,0,0
2016-10-24 00:19:53.420,228.48389,2.307129,439.9887,-290.3778,0,0,0,0,0,0,0,0,0,0,0,0,0,0,0,0
2016-10-24 00:19:53.440,228.49792,2.308731,440.7257,-289.6408,0,0,0,0,0,0,0,0,0,0,0,0,0,0,0,0
2016-10-24 00:19:53.460,228.44177,2.3135376,440.7257,-291.1148,0,0,0,0,0,0,0,0,0,0,0,0,0,0,0,0
2016-10-24 00:19:53.480,228.31543,2.2959137,436.3037,-289.6408,0,0,0,0,0,0,0,0,0,0,0,0,0,0,0,0
2016-10-24 00:19:53.500,228.44177,2.3215485,442.9367,-291.1148,0,0,0,0,0,0,0,0,0,0,0,0,0,0,0,0
2016-10-24 00:19:53.520,228.42773,2.308731,439.2517,-291.1148,0,0,0,0,0,0,0,0,0,0,0,0,0,0,0,0
2016-10-24 00:19:53.540,228.39966,2.3103333,439.2517,-291.8518,0,0,0,0,0,0,0,0,0,0,0,0,0,0,0,0
2016-10-24 00:19:53.560,228.42773,2.3151398,440.7257,-291.1148,0,0,0,0,0,0,0,0,0,0,0,0,0,0,0,0
2016-10-24 00:19:53.580,228.46985,2.308731,439.9887,-291.1148,0,0,0,0,0,0,0,0,0,0,0,0,0,0,0,0
2016-10-24 00:19:53.600,228.526,2.3231506,442.9367,-292.5888,0,0,0,0,0,0,0,0,0,0,0,0,0,0,0,0
2016-10-24 00:19:53.620,228.51196,2.3231506,443.6737,-290.3778,0,0,0,0,0,0,0,0,0,0,0,0,0,0,0,0
2016-10-24 00:19:53.640,228.44177,2.3007202,436.3037,-291.8518,0,0,0,0,0,0,0,0,0,0,0,0,0,0,0,0
2016-10-24 00:19:53.660,228.42773,2.3199463,442.9367,-290.3778,0,0,0,0,0,0,0,0,0,0,0,0,0,0,0,0
2016-10-24 00:19:53.680,228.45581,2.316742,441.4627,-290.3778,0,0,0,0,0,0,0,0,0,0,0,0,0,0,0,0
2016-10-24 00:19:53.700,228.4137,2.326355,443.6737,-291.1148,0,0,0,0,0,0,0,0,0,0,0,0,0,0,0,0
2016-10-24 00:19:53.720,228.4137,2.3247528,445.1477,-289.6408,0,0,0,0,0,0,0,0,0,0,0,0,0,0,0,0
2016-10-24 00:19:53.740,228.44177,2.326355,444.4107,-291.1148,0,0,0,0,0,0,0,0,0,0,0,0,0,0,0,0
2016-10-24 00:19:53.760,228.42773,2.3199463,442.9367,-290.3778,0,0,0,0,0,0,0,0,0,0,0,0,0,0,0,0
2016-10-24 00:19:53.780,228.39966,2.3103333,439.9887,-291.1148,0,0,0,0,0,0,0,0,0,0,0,0,0,0,0,0
2016-10-24 00:19:53.800,228.35754,2.3423767,450.3067,-287.4298,0,0,0,0,0,0,0,0,0,0,0,0,0,0,0,0
2016-10-24 00:19:53.820,228.39966,2.3391724,448.8327,-288.9038,0,0,0,0,0,0,0,0,0,0,0,0,0,0,0,0
2016-10-24 00:19:53.840,228.49792,2.355194,453.9917,-288.9038,0,0,0,0,0,0,0,0,0,0,0,0,0,0,0,0
2016-10-24 00:19:53.860,228.48389,2.3664093,458.4137,-286.6928,0,0,0,0,0,0,0,0,0,0,0,0,0,0,0,0
2016-10-24 00:19:53.880,228.45581,2.3487854,451.7807,-288.1668,0,0,0,0,0,0,0,0,0,0,0,0,0,0,0,0
2016-10-24 00:19:53.900,228.49792,2.3327637,447.3587,-288.9038,0,0,0,0,0,0,0,0,0,0,0,0,0,0,0,0
2016-10-24 00:19:53.920,228.51196,2.326355,445.1477,-289.6408,0,0,0,0,0,0,0,0,0,0,0,0,0,0,0,0
2016-10-24 00:19:53.940,228.44177,2.3327637,447.3587,-289.6408,0,0,0,0,0,0,0,0,0,0,0,0,0,0,0,0
2016-10-24 00:19:53.960,228.46985,2.3231506,444.4107,-288.9038,0,0,0,0,0,0,0,0,0,0,0,0,0,0,0,0
2016-10-24 00:19:53.980,228.51196,2.3343658,447.3587,-289.6408,0,0,0,0,0,0,0,0,0,0,0,0,0,0,0,0
2016-10-24 00:19:54.000,228.526,2.3343658,447.3587,-289.6408,0,0,0,0,0,0,0,0,0,0,0,1,0,0,0,1
2016-10-24 00:19:54.020,228.49792,2.318344,442.1997,-290.3778,0,0,0,0,0,0,0,0,0,0,0,0,0,0,0,0
2016-10-24 00:19:54.040,228.49792,2.3119354,440.7257,-291.1148,0,0,0,0,0,0,0,0,0,0,0,0,0,0,0,0
2016-10-24 00:19:54.060,228.54004,2.308731,439.2517,-291.8518,0,0,0,0,0,0,0,0,0,0,0,0,0,0,0,0
2016-10-24 00:19:54.080,228.62427,2.3295593,445.8847,-290.3778,0,0,0,0,0,0,0,0,0,0,0,0,0,0,0,0
2016-10-24 00:19:54.100,228.62427,2.3375702,448.8327,-289.6408,0,0,0,0,0,0,0,0,0,0,0,0,0,0,0,0
2016-10-24 00:19:54.120,228.58215,2.335968,447.3587,-290.3778,0,0,0,0,0,0,0,0,0,0,0,0,0,0,0,0
2016-10-24 00:19:54.140,228.62427,2.335968,448.8327,-288.9038,0,0,0,0,0,0,0,0,0,0,0,0,0,0,0,0
2016-10-24 00:19:54.160,228.62427,2.335968,448.8327,-288.1668,0,0,0,0,0,0,0,0,0,0,0,0,0,0,0,0
2016-10-24 00:19:54.180,228.55408,2.3391724,448.8327,-290.3778,0,0,0,0,0,0,0,0,0,0,0,0,0,0,0,0
2016-10-24 00:19:54.200,228.54004,2.3247528,445.8847,-288.9038,0,0,0,0,0,0,0,0,0,0,0,0,0,0,0,0
2016-10-24 00:19:54.220,228.55408,2.3391724,449.5697,-288.9038,0,0,0,0,0,0,0,0,0,0,0,0,0,0,0,0
2016-10-24 00:19:54.240,228.55408,2.3375702,448.8327,-289.6408,0,0,0,0,0,0,0,0,0,0,0,0,0,0,0,0
2016-10-24 00:19:54.260,228.526,2.335968,448.8327,-288.9038,0,0,0,0,0,0,0,0,0,0,0,0,0,0,0,0
2016-10-24 00:19:54.280,228.55408,2.3327637,448.0957,-288.9038,0,0,0,0,0,0,0,0,0,0,0,0,0,0,0,0
2016-10-24 00:19:54.300,228.58215,2.335968,448.8327,-288.1668,0,0,0,0,0,0,0,0,0,0,0,0,0,0,0,0
2016-10-24 00:19:54.320,228.66638,2.3487854,452.5177,-288.9038,0,0,0,0,0,0,0,0,0,0,0,0,0,0,0,0
2016-10-24 00:19:54.340,228.66638,2.3311615,447.3587,-289.6408,0,0,0,0,0,0,0,0,0,0,0,0,0,0,0,0
2016-10-24 00:19:54.360,228.59619,2.3391724,449.5697,-288.9038,0,0,0,0,0,0,0,0,0,0,0,0,0,0,0,0
2016-10-24 00:19:54.380,228.56812,2.3471832,453.2547,-286.6928,0,0,0,0,0,0,0,0,0,0,0,0,0,0,0,0
2016-10-24 00:19:54.400,228.58215,2.3327637,447.3587,-289.6408,0,0,0,0,0,0,0,0,0,0,0,0,0,0,0,0
2016-10-24 00:19:54.420,228.526,2.3311615,446.6217,-290.3778,0,0,0,0,0,0,0,0,0,0,0,0,0,0,0,0
2016-10-24 00:19:54.440,228.526,2.3231506,445.1477,-289.6408,0,0,0,0,0,0,0,0,0,0,0,0,0,0,0,0
2016-10-24 00:19:54.460,228.58215,2.3391724,449.5697,-288.9038,0,0,0,0,0,0,0,0,0,0,0,0,0,0,0,0
2016-10-24 00:19:54.480,228.48389,2.3327637,448.0957,-288.1668,0,0,0,0,0,0,0,0,0,0,0,0,0,0,0,0
2016-10-24 00:19:54.500,228.55408,2.326355,445.1477,-290.3778,0,0,0,0,0,0,0,0,0,0,0,0,0,0,0,0
2016-10-24 00:19:54.520,228.56812,2.3295593,447.3587,-288.9038,0,0,0,0,0,0,0,0,0,0,0,0,0,0,0,0
2016-10-24 00:19:54.540,228.59619,2.3295593,447.3587,-288.9038,0,0,0,0,0,0,0,0,0,0,0,0,0,0,0,0
2016-10-24 00:19:54.560,228.6383,2.3375702,448.8327,-289.6408,0,0,0,0,0,0,0,0,0,0,0,0,0,0,0,0
2016-10-24 00:19:54.580,228.6383,2.3279572,446.6217,-289.6408,0,0,0,0,0,0,0,0,0,0,0,0,0,0,0,0
2016-10-24 00:19:54.600,228.6383,2.3231506,445.1477,-289.6408,0,0,0,0,0,0,0,0,0,0,0,0,0,0,0,0
2016-10-24 00:19:54.620,228.6383,2.3311615,447.3587,-289.6408,0,0,0,0,0,0,0,0,0,0,0,0,0,0,0,0
2016-10-24 00:19:54.640,228.65234,2.3231506,445.1477,-288.9038,0,0,0,0,0,0,0,0,0,0,0,0,0,0,0,0
2016-10-24 00:19:54.660,228.61023,2.3391724,448.8327,-290.3778,0,0,0,0,0,0,0,0,0,0,0,0,0,0,0,0
2016-10-24 00:19:54.680,228.56812,2.343979,451.0437,-288.1668,0,0,0,0,0,0,0,0,0,0,0,0,0,0,0,0
2016-10-24 00:19:54.700,228.58215,2.3583984,456.9397,-285.9558,0,0,0,0,0,0,0,0,0,0,0,0,0,0,0,0
2016-10-24 00:19:54.720,228.59619,2.316742,442.1997,-291.1148,0,0,0,0,0,0,0,0,0,0,0,0,0,0,0,0
2016-10-24 00:19:54.740,228.54004,2.2943115,435.5667,-291.1148,0,0,0,0,0,0,0,0,0,0,0,0,0,0,0,0
2016-10-24 00:19:54.760,228.59619,2.316742,441.4627,-291.1148,0,0,0,0,0,0,0,0,0,0,0,0,0,0,0,0
2016-10-24 00:19:54.780,228.6383,2.308731,439.2517,-291.8518,0,0,0,0,0,0,0,0,0,0,0,0,0,0,0,0
2016-10-24 00:19:54.800,228.68042,2.3103333,439.9887,-291.8518,0,0,0,0,0,0,0,0,0,0,0,0,0,0,0,0
2016-10-24 00:19:54.820,228.72253,2.3151398,440.7257,-293.3258,0,0,0,0,0,0,0,0,0,0,0,0,0,0,0,0
2016-10-24 00:19:54.840,228.66638,2.3055267,438.5147,-291.8518,0,0,0,0,0,0,0,0,0,0,0,0,0,0,0,0
2016-10-24 00:19:54.860,228.61023,2.3311615,447.3587,-288.9038,0,0,0,0,0,0,0,0,0,0,0,0,0,0,0,0
2016-10-24 00:19:54.880,228.6383,2.3343658,447.3587,-290.3778,0,0,0,0,0,0,0,0,0,0,0,0,0,0,0,0
2016-10-24 00:19:54.900,228.58215,2.299118,436.3037,-292.5888,0,0,0,0,0,0,0,0,0,0,0,0,0,0,0,0
2016-10-24 00:19:54.920,228.58215,2.3055267,438.5147,-292.5888,0,0,0,0,0,0,0,0,0,0,0,0,0,0,0,0
2016-10-24 00:19:54.940,228.61023,2.3007202,437.7777,-291.1148,0,0,0,0,0,0,0,0,0,0,0,0,0,0,0,0
2016-10-24 00:19:54.960,228.6383,2.3119354,439.9887,-292.5888,0,0,0,0,0,0,0,0,0,0,0,0,0,0,0,0
2016-10-24 00:19:54.980,228.61023,2.3007202,437.0407,-292.5888,0,0,0,0,0,0,0,0,0,0,0,0,0,0,0,0
2016-10-24 00:19:55.000,228.62427,2.2927094,435.5667,-290.3778,0,0,0,1,0,0,0,1,0,0,0,0,1,0,0,3
2016-10-24 00:19:55.020,228.6383,2.3199463,444.4107,-289.6408,0,0,0,0,0,0,0,0,0,0,0,0,0,0,0,0
2016-10-24 00:19:55.040,228.65234,2.3616028,457.6767,-285.9558,0,0,0,0,0,0,0,0,0,0,0,0,0,0,0,0
2016-10-24 00:19:55.060,228.66638,2.372818,461.3617,-285.9558,0,0,0,0,0,0,0,0,0,0,0,0,0,0,0,0
2016-10-24 00:19:55.080,228.66638,2.3648071,459.1507,-285.2188,0,0,0,0,0,0,0,0,0,0,0,0,0,0,0,0
2016-10-24 00:19:55.100,228.68042,2.372818,461.3617,-285.2188,0,0,0,0,0,0,0,0,0,0,0,0,0,0,0,0
2016-10-24 00:19:55.120,228.69446,2.3776245,462.0987,-285.2188,0,0,0,0,0,0,0,0,0,0,0,0,0,0,0,0
2016-10-24 00:19:55.140,228.6383,2.3600006,457.6767,-285.2188,0,0,0,0,0,0,0,0,0,0,0,0,0,0,0,0
2016-10-24 00:19:55.160,228.61023,2.3776245,462.8357,-283.7448,0,0,0,0,0,0,0,0,0,0,0,0,0,0,0,0
2016-10-24 00:19:55.180,228.6383,2.372818,461.3617,-284.4818,0,0,0,0,0,0,0,0,0,0,0,0,0,0,0,0
2016-10-24 00:19:55.200,228.62427,2.3744202,462.0987,-284.4818,0,0,0,0,0,0,0,0,0,0,0,0,0,0,0,0
2016-10-24 00:19:55.220,228.58215,2.372818,460.6247,-285.2188,0,0,0,0,0,0,0,0,0,0,0,0,0,0,0,0
2016-10-24 00:19:55.240,228.62427,2.3712158,460.6247,-285.2188,0,0,0,0,0,0,0,0,0,0,0,0,0,0,0,0
2016-10-24 00:19:55.260,228.66638,2.3760223,462.0987,-285.2188,0,0,0,0,0,0,0,0,0,0,0,0,0,0,0,0
2016-10-24 00:19:55.280,228.72253,2.3776245,462.0987,-285.9558,0,0,0,0,0,0,0,0,0,0,0,0,0,0,0,0
2016-10-24 00:19:55.300,228.73657,2.3664093,458.4137,-286.6928,0,0,0,0,0,0,0,0,0,0,0,0,0,0,0,0
2016-10-24 00:19:55.320,228.68042,2.3616028,456.2027,-288.1668,0,0,0,0,0,0,0,0,0,0,0,0,0,0,0,0
2016-10-24 00:19:55.340,228.7085,2.3583984,456.2027,-286.6928,0,0,0,0,0,0,0,0,0,0,0,0,0,0,0,0
2016-10-24 00:19:55.360,228.69446,2.3792267,462.8357,-285.2188,0,0,0,0,0,0,0,0,0,0,0,0,0,0,0,0
2016-10-24 00:19:55.380,228.6383,2.3712158,459.8877,-286.6928,0,0,0,0,0,0,0,0,0,0,0,0,0,0,0,0
2016-10-24 00:19:55.400,228.65234,2.3503876,453.9917,-287.4298,0,0,0,0,0,0,0,0,0,0,0,0,0,0,0,0
2016-10-24 00:19:55.420,228.6383,2.3583984,456.2027,-287.4298,0,0,0,0,0,0,0,0,0,0,0,0,0,0,0,0
2016-10-24 00:19:55.440,228.65234,2.3487854,453.2547,-287.4298,0,0,0,0,0,0,0,0,0,0,0,0,0,0,0,0
2016-10-24 00:19:55.460,228.59619,2.353592,454.7287,-287.4298,0,0,0,0,0,0,0,0,0,0,0,0,0,0,0,0
2016-10-24 00:19:55.480,228.526,2.3487854,453.9917,-285.2188,0,0,0,0,0,0,0,0,0,0,0,0,0,0,0,0
2016-10-24 00:19:55.500,228.66638,2.3583984,456.2027,-287.4298,0,0,0,0,0,0,0,0,0,0,0,0,0,0,0,0
2016-10-24 00:19:55.520,228.68042,2.363205,456.9397,-287.4298,0,0,0,0,0,0,0,0,0,0,0,0,0,0,0,0
2016-10-24 00:19:55.540,228.72253,2.353592,454.7287,-287.4298,0,0,0,0,0,0,0,0,0,0,0,0,0,0,0,0
2016-10-24 00:19:55.560,228.65234,2.355194,455.4657,-287.4298,0,0,0,0,0,0,0,0,0,0,0,0,0,0,0,0
2016-10-24 00:19:55.580,228.66638,2.345581,452.5177,-286.6928,0,0,0,0,0,0,0,0,0,0,0,0,0,0,0,0
2016-10-24 00:19:55.600,228.66638,2.3519897,454.7287,-285.9558,0,0,0,0,0,0,0,0,0,0,0,0,0,0,0,0
2016-10-24 00:19:55.620,228.65234,2.363205,457.6767,-286.6928,0,0,0,0,0,0,0,0,0,0,0,0,0,0,0,0
2016-10-24 00:19:55.640,228.61023,2.343979,452.5177,-286.6928,0,0,0,0,0,0,0,0,0,0,0,0,0,0,0,0
2016-10-24 00:19:55.660,228.6383,2.3648071,458.4137,-285.9558,0,0,0,0,0,0,0,0,0,0,0,0,0,0,0,0
2016-10-24 00:19:55.680,228.65234,2.3680115,458.4137,-287.4298,0,0,0,0,0,0,0,0,0,0,0,0,0,0,0,0
2016-10-24 00:19:55.700,228.62427,2.3696136,459.1507,-286.6928,0,0,0,0,0,0,0,0,0,0,0,0,0,0,0,0
2016-10-24 00:19:55.720,228.61023,2.3792267,462.0987,-285.9558,0,0,0,0,0,0,0,0,0,0,0,0,0,0,0,0
2016-10-24 00:19:55.740,228.65234,2.3744202,460.6247,-285.9558,0,0,0,0,0,0,0,0,0,0,0,0,0,0,0,0
2016-10-24 00:19:55.760,228.7085,2.3744202,459.8877,-288.1668,0,0,0,0,0,0,0,0,0,0,0,0,0,0,0,0
2016-10-24 00:19:55.780,228.7085,2.382431,462.8357,-286.6928,0,0,0,0,0,0,0,0,0,0,0,0,0,0,0,0
2016-10-24 00:19:55.800,228.65234,2.3648071,458.4137,-287.4298,0,0,0,0,0,0,0,0,0,0,0,0,0,0,0,0
2016-10-24 00:19:55.820,228.68042,2.3792267,461.3617,-287.4298,0,0,0,0,0,0,0,0,0,0,0,0,0,0,0,0
2016-10-24 00:19:55.840,228.66638,2.3840332,465.0467,-284.4818,0,0,0,0,0,0,0,0,0,0,0,0,0,0,0,0
2016-10-24 00:19:55.860,228.59619,2.3936462,466.5207,-285.2188,0,0,0,0,0,0,0,0,0,0,0,0,0,0,0,0
2016-10-24 00:19:55.880,228.61023,2.3888397,465.0467,-285.2188,0,0,0,0,0,0,0,0,0,0,0,0,0,0,0,0
2016-10-24 00:19:55.900,228.6383,2.3600006,456.9397,-286.6928,0,0,0,0,0,0,0,0,0,0,0,0,0,0,0,0
2016-10-24 00:19:55.920,228.65234,2.372818,459.8877,-286.6928,0,0,0,0,0,0,0,0,0,0,0,0,0,0,0,0
2016-10-24 00:19:55.940,228.56812,2.3519897,454.7287,-286.6928,0,0,0,0,0,0,0,0,0,0,0,0,0,0,0,0
2016-10-24 00:19:55.960,228.59619,2.3583984,456.9397,-285.9558,0,0,0,0,0,0,0,0,0,0,0,0,0,0,0,0
2016-10-24 00:19:55.980,228.61023,2.3519897,454.7287,-286.6928,0,0,0,0,0,0,0,0,0,0,0,0,0,0,0,0
2016-10-24 00:19:56.000,228.66638,2.363205,458.4137,-285.2188,0,0,0,0,0,0,0,0,0,0,0,1,0,0,0,1
2016-10-24 00:19:56.020,228.68042,2.3680115,459.8877,-285.9558,0,0,0,0,0,0,0,0,0,0,0,0,0,0,0,0
2016-10-24 00:19:56.040,228.65234,2.3471832,453.2547,-287.4298,0,0,0,0,0,0,0,0,0,0,0,0,0,0,0,0
2016-10-24 00:19:56.060,228.66638,2.3616028,457.6767,-285.9558,0,0,0,0,0,0,0,0,0,0,0,0,0,0,0,0
2016-10-24 00:19:56.080,228.68042,2.3616028,457.6767,-285.9558,0,0,0,0,0,0,0,0,0,0,0,0,0,0,0,0
2016-10-24 00:19:56.100,228.59619,2.363205,457.6767,-286.6928,0,0,0,0,0,0,0,0,0,0,0,0,0,0,0,0
2016-10-24 00:19:56.120,228.58215,2.3503876,453.2547,-287.4298,0,0,0,0,0,0,0,0,0,0,0,0,0,0,0,0
2016-10-24 00:19:56.140,228.61023,2.3503876,454.7287,-285.9558,0,0,0,0,0,0,0,0,0,0,0,0,0,0,0,0
2016-10-24 00:19:56.160,228.61023,2.3744202,461.3617,-285.2188,0,0,0,0,0,0,0,0,0,0,0,0,0,0,0,0
2016-10-24 00:19:56.180,228.56812,2.382431,465.0467,-283.0078,0,0,0,0,0,0,0,0,0,0,0,0,0,0,0,0
2016-10-24 00:19:56.200,228.55408,2.3792267,462.8357,-285.2188,0,0,0,0,0,0,0,0,0,0,0,0,0,0,0,0
2016-10-24 00:19:56.220,228.59619,2.3664093,458.4137,-285.9558,0,0,0,0,0,0,0,0,0,0,0,0,0,0,0,0
2016-10-24 00:19:56.240,228.66638,2.372818,460.6247,-285.9558,0,0,0,0,0,0,0,0,0,0,0,0,0,0,0,0
2016-10-24 00:19:56.260,228.68042,2.372818,459.8877,-286.6928,0,0,0,0,0,0,0,0,0,0,0,0,0,0,0,0
2016-10-24 00:19:56.280,228.61023,2.355194,455.4657,-286.6928,0,0,0,0,0,0,0,0,0,0,0,0,0,0,0,0
2016-10-24 00:19:56.300,228.61023,2.3616028,457.6767,-285.9558,0,0,0,0,0,0,0,0,0,0,0,0,0,0,0,0
2016-10-24 00:19:56.320,228.59619,2.3600006,457.6767,-285.2188,0,0,0,0,0,0,0,0,0,0,0,0,0,0,0,0
2016-10-24 00:19:56.340,228.56812,2.3696136,458.4137,-287.4298,0,0,0,0,0,0,0,0,0,0,0,0,0,0,0,0
2016-10-24 00:19:56.360,228.58215,2.372818,461.3617,-284.4818,0,0,0,0,0,0,0,0,0,0,0,0,0,0,0,0
2016-10-24 00:19:56.380,228.61023,2.3760223,462.0987,-284.4818,0,0,0,0,0,0,0,0,0,0,0,0,0,0,0,0
2016-10-24 00:19:56.400,228.62427,2.3872375,464.3097,-286.6928,0,0,0,0,0,0,0,0,0,0,0,0,0,0,0,0
2016-10-24 00:19:56.420,228.58215,2.3567963,456.2027,-285.9558,0,0,0,0,0,0,0,0,0,0,0,0,0,0,0,0
2016-10-24 00:19:56.440,228.58215,2.3567963,455.4657,-287.4298,0,0,0,0,0,0,0,0,0,0,0,0,0,0,0,0
2016-10-24 00:19:56.460,228.66638,2.3648071,458.4137,-286.6928,0,0,0,0,0,0,0,0,0,0,0,0,0,0,0,0
2016-10-24 00:19:56.480,228.62427,2.355194,455.4657,-286.6928,0,0,0,0,0,0,0,0,0,0,0,0,0,0,0,0
2016-10-24 00:19:56.500,228.73657,2.3744202,459.8877,-288.1668,0,0,0,0,0,0,0,0,0,0,0,0,0,0,0,0
2016-10-24 00:19:56.520,228.68042,2.3503876,453.9917,-286.6928,0,0,0,0,0,0,0,0,0,0,0,0,0,0,0,0
2016-10-24 00:19:56.540,228.69446,2.3583984,456.2027,-286.6928,0,0,0,0,0,0,0,0,0,0,0,0,0,0,0,0
2016-10-24 00:19:56.560,228.69446,2.3648071,458.4137,-286.6928,0,0,0,0,0,0,0,0,0,0,0,0,0,0,0,0
2016-10-24 00:19:56.580,228.6383,2.3471832,452.5177,-288.1668,0,0,0,0,0,0,0,0,0,0,0,0,0,0,0,0
2016-10-24 00:19:56.600,228.62427,2.3600006,456.2027,-287.4298,0,0,0,0,0,0,0,0,0,0,0,0,0,0,0,0
2016-10-24 00:19:56.620,228.66638,2.355194,455.4657,-286.6928,0,0,0,0,0,0,0,0,0,0,0,0,0,0,0,0
2016-10-24 00:19:56.640,228.6383,2.363205,456.9397,-288.1668,0,0,0,0,0,0,0,0,0,0,0,0,0,0,0,0
2016-10-24 00:19:56.660,228.59619,2.3616028,456.2027,-287.4298,0,0,0,0,0,0,0,0,0,0,0,0,0,0,0,0
2016-10-24 00:19:56.680,228.59619,2.372818,459.8877,-285.9558,0,0,0,0,0,0,0,0,0,0,0,0,0,0,0,0
2016-10-24 00:19:56.700,228.62427,2.3840332,463.5727,-285.2188,0,0,0,0,0,0,0,0,0,0,0,0,0,0,0,0
2016-10-24 00:19:56.720,228.7085,2.363205,456.9397,-287.4298,0,0,0,0,0,0,0,0,0,0,0,0,0,0,0,0
2016-10-24 00:19:56.740,228.72253,2.3600006,456.2027,-287.4298,0,0,0,0,0,0,0,0,0,0,0,0,0,0,0,0
2016-10-24 00:19:56.760,228.68042,2.3503876,453.9917,-287.4298,0,0,0,0,0,0,0,0,0,0,0,0,0,0,0,0
2016-10-24 00:19:56.780,228.68042,2.335968,449.5697,-288.1668,0,0,0,0,0,0,0,0,0,0,0,0,0,0,0,0
2016-10-24 00:19:56.800,228.69446,2.3327637,448.8327,-288.1668,0,0,0,0,0,0,0,0,0,0,0,0,0,0,0,0
2016-10-24 00:19:56.820,228.65234,2.3503876,453.2547,-287.4298,0,0,0,0,0,0,0,0,0,0,0,0,0,0,0,0
2016-10-24 00:19:56.840,228.62427,2.355194,456.2027,-285.9558,0,0,0,0,0,0,0,0,0,0,0,0,0,0,0,0
2016-10-24 00:19:56.860,228.62427,2.3680115,460.6247,-284.4818,0,0,0,0,0,0,0,0,0,0,0,0,0,0,0,0
2016-10-24 00:19:56.880,228.62427,2.3744202,461.3617,-285.9558,0,0,0,0,0,0,0,0,0,0,0,0,0,0,0,0
2016-10-24 00:19:56.900,228.59619,2.353592,455.4657,-286.6928,0,0,0,0,0,0,0,0,0,0,0,0,0,0,0,0
2016-10-24 00:19:56.920,228.59619,2.353592,454.7287,-287.4298,0,0,0,0,0,0,0,0,0,0,0,0,0,0,0,0
2016-10-24 00:19:56.940,228.6383,2.355194,455.4657,-286.6928,0,0,0,0,0,0,0,0,0,0,0,0,0,0,0,0
2016-10-24 00:19:56.960,228.69446,2.3600006,456.9397,-286.6928,0,0,0,0,0,0,0,0,0,0,0,0,0,0,0,0
2016-10-24 00:19:56.980,228.7085,2.3648071,458.4137,-286.6928,0,0,0,0,0,0,0,0,0,0,0,0,0,0,0,0
2016-10-24 00:19:57.000,228.68042,2.3487854,453.2547,-288.1668,0,0,0,1,0,0,0,1,0,0,0,0,1,0,0,3
2016-10-24 00:19:57.020,228.68042,2.3648071,458.4137,-285.9558,0,0,0,0,0,0,0,0,0,0,0,0,0,0,0,0
2016-10-24 00:19:57.040,228.65234,2.3503876,453.9917,-286.6928,0,0,0,0,0,0,0,0,0,0,0,0,0,0,0,0
2016-10-24 00:19:57.060,228.59619,2.3600006,456.2027,-288.1668,0,0,0,0,0,0,0,0,0,0,0,0,0,0,0,0
2016-10-24 00:19:57.080,228.58215,2.3616028,456.9397,-286.6928,0,0,0,0,0,0,0,0,0,0,0,0,0,0,0,0
2016-10-24 00:19:57.100,228.61023,2.3567963,456.2027,-286.6928,0,0,0,0,0,0,0,0,0,0,0,0,0,0,0,0
2016-10-24 00:19:57.120,228.6383,2.3712158,459.1507,-287.4298,0,0,0,0,0,0,0,0,0,0,0,0,0,0,0,0
2016-10-24 00:19:57.140,228.59619,2.355194,454.7287,-287.4298,0,0,0,0,0,0,0,0,0,0,0,0,0,0,0,0
2016-10-24 00:19:57.160,228.62427,2.3616028,456.9397,-286.6928,0,0,0,0,0,0,0,0,0,0,0,0,0,0,0,0
2016-10-24 00:19:57.180,228.6383,2.3664093,459.1507,-285.2188,0,0,0,0,0,0,0,0,0,0,0,0,0,0,0,0
2016-10-24 00:19:57.200,228.69446,2.3600006,456.9397,-287.4298,0,0,0,0,0,0,0,0,0,0,0,0,0,0,0,0
2016-10-24 00:19:57.220,228.76465,2.3792267,461.3617,-287.4298,0,0,0,0,0,0,0,0,0,0,0,0,0,0,0,0
2016-10-24 00:19:57.240,228.72253,2.3487854,453.9917,-286.6928,0,0,0,0,0,0,0,0,0,0,0,0,0,0,0,0
2016-10-24 00:19:57.260,228.73657,2.3664093,458.4137,-287.4298,0,0,0,0,0,0,0,0,0,0,0,0,0,0,0,0
2016-10-24 00:19:57.280,228.76465,2.3583984,456.9397,-286.6928,0,0,0,0,0,0,0,0,0,0,0,0,0,0,0,0
2016-10-24 00:19:57.300,228.69446,2.353592,455.4657,-286.6928,0,0,0,0,0,0,0,0,0,0,0,0,0,0,0,0
2016-10-24 00:19:57.320,228.68042,2.3680115,459.1507,-286.6928,0,0,0,0,0,0,0,0,0,0,0,0,0,0,0,0
2016-10-24 00:19:57.340,228.72253,2.3519897,455.4657,-285.9558,0,0,0,0,0,0,0,0,0,0,0,0,0,0,0,0
2016-10-24 00:19:57.360,228.72253,2.3760223,462.8357,-284.4818,0,0,0,0,0,0,0,0,0,0,0,0,0,0,0,0
2016-10-24 00:19:57.380,228.65234,2.3696136,459.8877,-286.6928,0,0,0,0,0,0,0,0,0,0,0,0,0,0,0,0
2016-10-24 00:19:57.400,228.68042,2.3616028,457.6767,-285.9558,0,0,0,0,0,0,0,0,0,0,0,0,0,0,0,0
2016-10-24 00:19:57.420,228.7085,2.372818,459.8877,-287.4298,0,0,0,0,0,0,0,0,0,0,0,0,0,0,0,0
2016-10-24 00:19:57.440,228.72253,2.3519897,453.9917,-287.4298,0,0,0,0,0,0,0,0,0,0,0,0,0,0,0,0
2016-10-24 00:19:57.460,228.7085,2.363205,456.9397,-287.4298,0,0,0,0,0,0,0,0,0,0,0,0,0,0,0,0
2016-10-24 00:19:57.480,228.58215,2.3503876,453.2547,-287.4298,0,0,0,0,0,0,0,0,0,0,0,0,0,0,0,0
2016-10-24 00:19:57.500,228.7085,2.3600006,455.4657,-288.9038,0,0,0,0,0,0,0,0,0,0,0,0,0,0,0,0
2016-10-24 00:19:57.520,228.7085,2.3680115,458.4137,-287.4298,0,0,0,0,0,0,0,0,0,0,0,0,0,0,0,0
2016-10-24 00:19:57.540,228.68042,2.3519897,453.2547,-288.9038,0,0,0,0,0,0,0,0,0,0,0,0,0,0,0,0
2016-10-24 00:19:57.560,228.66638,2.3648071,456.9397,-288.1668,0,0,0,0,0,0,0,0,0,0,0,0,0,0,0,0
2016-10-24 00:19:57.580,228.7085,2.3567963,455.4657,-287.4298,0,0,0,0,0,0,0,0,0,0,0,0,0,0,0,0
2016-10-24 00:19:57.600,228.7085,2.3600006,455.4657,-288.9038,0,0,0,0,0,0,0,0,0,0,0,0,0,0,0,0
2016-10-24 00:19:57.620,228.65234,2.3616028,456.9397,-287.4298,0,0,0,0,0,0,0,0,0,0,0,0,0,0,0,0
2016-10-24 00:19:57.640,228.65234,2.3423767,451.0437,-288.1668,0,0,0,0,0,0,0,0,0,0,0,0,0,0,0,0
2016-10-24 00:19:57.660,228.68042,2.372818,460.6247,-286.6928,0,0,0,0,0,0,0,0,0,0,0,0,0,0,0,0
2016-10-24 00:19:57.680,228.73657,2.3952484,467.9947,-283.7448,0,0,0,0,0,0,0,0,0,0,0,0,0,0,0,0
2016-10-24 00:19:57.700,228.75061,2.3840332,463.5727,-286.6928,0,0,0,0,0,0,0,0,0,0,0,0,0,0,0,0
2016-10-24 00:19:57.720,228.7085,2.3680115,459.1507,-287.4298,0,0,0,0,0,0,0,0,0,0,0,0,0,0,0,0
2016-10-24 00:19:57.740,228.77869,2.345581,451.0437,-289.6408,0,0,0,0,0,0,0,0,0,0,0,0,0,0,0,0
2016-10-24 00:19:57.760,228.76465,2.3311615,446.6217,-291.1148,0,0,0,0,0,0,0,0,0,0,0,0,0,0,0,0
2016-10-24 00:19:57.780,228.7085,2.3151398,442.9367,-290.3778,0,0,0,0,0,0,0,0,0,0,0,0,0,0,0,0
2016-10-24 00:19:57.800,228.65234,2.3423767,451.0437,-288.1668,0,0,0,0,0,0,0,0,0,0,0,0,0,0,0,0
2016-10-24 00:19:57.820,228.7085,2.3519897,453.9917,-287.4298,0,0,0,0,0,0,0,0,0,0,0,0,0,0,0,0
2016-10-24 00:19:57.840,228.72253,2.3808289,464.3097,-284.4818,0,0,0,0,0,0,0,0,0,0,0,0,0,0,0,0
2016-10-24 00:19:57.860,228.69446,2.3648071,457.6767,-287.4298,0,0,0,0,0,0,0,0,0,0,0,0,0,0,0,0
2016-10-24 00:19:57.880,228.76465,2.3279572,446.6217,-288.9038,0,0,0,0,0,0,0,0,0,0,0,0,0,0,0,0
2016-10-24 00:19:57.900,228.79272,2.316742,442.9367,-291.1148,0,0,0,0,0,0,0,0,0,0,0,0,0,0,0,0
2016-10-24 00:19:57.920,228.79272,2.3311615,446.6217,-290.3778,0,0,0,0,0,0,0,0,0,0,0,0,0,0,0,0
2016-10-24 00:19:57.940,228.80676,2.3055267,439.2517,-291.1148,0,0,0,0,0,0,0,0,0,0,0,0,0,0,0,0
2016-10-24 00:19:57.960,228.72253,2.3247528,444.4107,-291.1148,0,0,0,0,0,0,0,0,0,0,0,0,0,0,0,0
2016-10-24 00:19:57.980,228.73657,2.363205,459.1507,-285.2188,0,0,0,0,0,0,0,0,0,0,0,0,0,0,0,0
2016-10-24 00:19:58.000,228.73657,2.3952484,467.9947,-283.7448,0,0,0,0,0,0,0,0,0,0,0,1,0,0,0,1
2016-10-24 00:19:58.020,228.72253,2.3600006,455.4657,-288.9038,0,0,0,0,0,0,0,0,0,0,0,0,0,0,0,0
2016-10-24 00:19:58.040,228.68042,2.3295593,446.6217,-290.3778,0,0,0,0,0,0,0,0,0,0,0,0,0,0,0,0
2016-10-24 00:19:58.060,228.68042,2.3503876,453.2547,-288.1668,0,0,0,0,0,0,0,0,0,0,0,0,0,0,0,0
2016-10-24 00:19:58.080,228.65234,2.3423767,451.0437,-288.1668,0,0,0,0,0,0,0,0,0,0,0,0,0,0,0,0
2016-10-24 00:19:58.100,228.65234,2.3231506,443.6737,-291.1148,0,0,0,0,0,0,0,0,0,0,0,0,0,0,0,0
2016-10-24 00:19:58.120,228.66638,2.3151398,441.4627,-291.8518,0,0,0,0,0,0,0,0,0,0,0,0,0,0,0,0
2016-10-24 00:19:58.140,228.72253,2.3327637,447.3587,-289.6408,0,0,0,0,0,0,0,0,0,0,0,0,0,0,0,0
2016-10-24 00:19:58.160,228.76465,2.355194,453.9917,-288.9038,0,0,0,0,0,0,0,0,0,0,0,0,0,0,0,0
2016-10-24 00:19:58.180,228.7085,2.3487854,453.2547,-288.1668,0,0,0,0,0,0,0,0,0,0,0,0,0,0,0,0
2016-10-24 00:19:58.200,228.65234,2.3423767,450.3067,-289.6408,0,0,0,0,0,0,0,0,0,0,0,0,0,0,0,0
2016-10-24 00:19:58.220,228.7085,2.3215485,443.6737,-290.3778,0,0,0,0,0,0,0,0,0,0,0,0,0,0,0,0
2016-10-24 00:19:58.240,228.75061,2.326355,445.8847,-290.3778,0,0,0,0,0,0,0,0,0,0,0,0,0,0,0,0
2016-10-24 00:19:58.260,228.68042,2.3391724,448.8327,-291.1148,0,0,0,0,0,0,0,0,0,0,0,0,0,0,0,0
2016-10-24 00:19:58.280,228.65234,2.3247528,445.1477,-289.6408,0,0,0,0,0,0,0,0,0,0,0,0,0,0,0,0
2016-10-24 00:19:58.300,228.68042,2.3375702,448.8327,-288.9038,0,0,0,0,0,0,0,0,0,0,0,0,0,0,0,0
2016-10-24 00:19:58.320,228.65234,2.3423767,450.3067,-289.6408,0,0,0,0,0,0,0,0,0,0,0,0,0,0,0,0
2016-10-24 00:19:58.340,228.62427,2.3327637,447.3587,-290.3778,0,0,0,0,0,0,0,0,0,0,0,0,0,0,0,0
2016-10-24 00:19:58.360,228.65234,2.3407745,449.5697,-289.6408,0,0,0,0,0,0,0,0,0,0,0,0,0,0,0,0
2016-10-24 00:19:58.380,228.66638,2.3311615,447.3587,-288.9038,0,0,0,0,0,0,0,0,0,0,0,0,0,0,0,0
2016-10-24 00:19:58.400,228.75061,2.345581,451.0437,-290.3778,0,0,0,0,0,0,0,0,0,0,0,0,0,0,0,0
2016-10-24 00:19:58.420,228.73657,2.3391724,448.8327,-290.3778,0,0,0,0,0,0,0,0,0,0,0,0,0,0,0,0
2016-10-24 00:19:58.440,228.69446,2.3231506,444.4107,-290.3778,0,0,0,0,0,0,0,0,0,0,0,0,0,0,0,0
2016-10-24 00:19:58.460,228.68042,2.335968,448.8327,-289.6408,0,0,0,0,0,0,0,0,0,0,0,0,0,0,0,0
2016-10-24 00:19:58.480,228.58215,2.355194,456.2027,-285.9558,0,0,0,0,0,0,0,0,0,0,0,0,0,0,0,0
2016-10-24 00:19:58.500,228.68042,2.3776245,460.6247,-288.1668,0,0,0,0,0,0,0,0,0,0,0,0,0,0,0,0
2016-10-24 00:19:58.520,228.69446,2.3616028,456.9397,-287.4298,0,0,0,0,0,0,0,0,0,0,0,0,0,0,0,0
2016-10-24 00:19:58.540,228.73657,2.3487854,453.2547,-288.9038,0,0,0,0,0,0,0,0,0,0,0,0,0,0,0,0
2016-10-24 00:19:58.560,228.76465,2.3407745,448.8327,-291.1148,0,0,0,0,0,0,0,0,0,0,0,0,0,0,0,0
2016-10-24 00:19:58.580,228.73657,2.3023224,437.7777,-292.5888,0,0,0,0,0,0,0,0,0,0,0,0,0,0,0,0
2016-10-24 00:19:58.600,228.73657,2.3199463,443.6737,-289.6408,0,0,0,0,0,0,0,0,0,0,0,0,0,0,0,0
2016-10-24 00:19:58.620,228.77869,2.3295593,447.3587,-289.6408,0,0,0,0,0,0,0,0,0,0,0,0,0,0,0,0
2016-10-24 00:19:58.640,228.8208,2.3375702,448.8327,-290.3778,0,0,0,0,0,0,0,0,0,0,0,0,0,0,0,0
2016-10-24 00:19:58.660,228.8208,2.3423767,451.0437,-288.9038,0,0,0,0,0,0,0,0,0,0,0,0,0,0,0,0
2016-10-24 00:19:58.680,228.79272,2.3391724,450.3067,-288.9038,0,0,0,0,0,0,0,0,0,0,0,0,0,0,0,0
2016-10-24 00:19:58.700,228.76465,2.382431,463.5727,-285.9558,0,0,0,0,0,0,0,0,0,0,0,0,0,0,0,0
2016-10-24 00:19:58.720,228.75061,2.3808289,464.3097,-284.4818,0,0,0,0,0,0,0,0,0,0,0,0,0,0,0,0
2016-10-24 00:19:58.740,228.75061,2.3696136,459.8877,-285.9558,0,0,0,0,0,0,0,0,0,0,0,0,0,0,0,0
2016-10-24 00:19:58.760,228.72253,2.3680115,459.1507,-285.9558,0,0,0,0,0,0,0,0,0,0,0,0,0,0,0,0
2016-10-24 00:19:58.780,228.76465,2.3519897,454.7287,-287.4298,0,0,0,0,0,0,0,0,0,0,0,0,0,0,0,0
2016-10-24 00:19:58.800,228.79272,2.3503876,452.5177,-290.3778,0,0,0,0,0,0,0,0,0,0,0,0,0,0,0,0
2016-10-24 00:19:58.820,228.75061,2.3279572,445.8847,-290.3778,0,0,0,0,0,0,0,0,0,0,0,0,0,0,0,0
2016-10-24 00:19:58.840,228.77869,2.3311615,447.3587,-289.6408,0,0,0,0,0,0,0,0,0,0,0,0,0,0,0,0
2016-10-24 00:19:58.860,228.8208,2.3391724,448.8327,-290.3778,0,0,0,0,0,0,0,0,0,0,0,0,0,0,0,0
2016-10-24 00:19:58.880,228.87695,2.326355,445.8847,-291.1148,0,0,0,0,0,0,0,0,0,0,0,0,0,0,0,0
2016-10-24 00:19:58.900,228.84888,2.326355,445.1477,-291.8518,0,0,0,0,0,0,0,0,0,0,0,0,0,0,0,0
2016-10-24 00:19:58.920,228.79272,2.3023224,437.7777,-291.8518,0,0,0,0,0,0,0,0,0,0,0,0,0,0,0,0
2016-10-24 00:19:58.940,228.79272,2.3119354,441.4627,-291.1148,0,0,0,0,0,0,0,0,0,0,0,0,0,0,0,0
2016-10-24 00:19:58.960,228.79272,2.3311615,447.3587,-289.6408,0,0,0,0,0,0,0,0,0,0,0,0,0,0,0,0
2016-10-24 00:19:58.980,228.76465,2.3199463,444.4107,-289.6408,0,0,0,0,0,0,0,0,0,0,0,0,0,0,0,0
2016-10-24 00:19:59.000,228.7085,2.3295593,446.6217,-290.3778,0,0,0,1,0,0,0,1,0,0,0,0,1,0,0,3
2016-10-24 00:19:59.020,228.73657,2.3423767,451.7807,-287.4298,0,0,0,0,0,0,0,0,0,0,0,0,0,0,0,0
2016-10-24 00:19:59.040,228.73657,2.3776245,462.0987,-285.2188,0,0,0,0,0,0,0,0,0,0,0,0,0,0,0,0
2016-10-24 00:19:59.060,228.68042,2.3680115,459.1507,-286.6928,0,0,0,0,0,0,0,0,0,0,0,0,0,0,0,0
2016-10-24 00:19:59.080,228.66638,2.3680115,459.1507,-285.9558,0,0,0,0,0,0,0,0,0,0,0,0,0,0,0,0
2016-10-24 00:19:59.100,228.69446,2.3648071,457.6767,-287.4298,0,0,0,0,0,0,0,0,0,0,0,0,0,0,0,0
2016-10-24 00:19:59.120,228.8208,2.3423767,450.3067,-289.6408,0,0,0,0,0,0,0,0,0,0,0,0,0,0,0,0
2016-10-24 00:19:59.140,228.83484,2.3391724,449.5697,-290.3778,0,0,0,0,0,0,0,0,0,0,0,0,0,0,0,0
2016-10-24 00:19:59.160,228.77869,2.335968,448.8327,-289.6408,0,0,0,0,0,0,0,0,0,0,0,0,0,0,0,0
2016-10-24 00:19:59.180,228.77869,2.372818,461.3617,-285.2188,0,0,0,0,0,0,0,0,0,0,0,0,0,0,0,0
2016-10-24 00:19:59.200,228.8208,2.343979,450.3067,-290.3778,0,0,0,0,0,0,0,0,0,0,0,0,0,0,0,0
2016-10-24 00:19:59.220,228.77869,2.3135376,440.7257,-292.5888,0,0,0,0,0,0,0,0,0,0,0,0,0,0,0,0
2016-10-24 00:19:59.240,228.73657,2.318344,442.1997,-291.8518,0,0,0,0,0,0,0,0,0,0,0,0,0,0,0,0
2016-10-24 00:19:59.260,228.76465,2.3343658,447.3587,-291.1148,0,0,0,0,0,0,0,0,0,0,0,0,0,0,0,0
2016-10-24 00:19:59.280,228.77869,2.3423767,449.5697,-291.1148,0,0,0,0,0,0,0,0,0,0,0,0,0,0,0,0
2016-10-24 00:19:59.300,228.73657,2.3487854,452.5177,-289.6408,0,0,0,0,0,0,0,0,0,0,0,0,0,0,0,0
2016-10-24 00:19:59.320,228.73657,2.3343658,447.3587,-291.1148,0,0,0,0,0,0,0,0,0,0,0,0,0,0,0,0
2016-10-24 00:19:59.340,228.79272,2.3247528,443.6737,-292.5888,0,0,0,0,0,0,0,0,0,0,0,0,0,0,0,0
2016-10-24 00:19:59.360,228.8208,2.3391724,448.8327,-290.3778,0,0,0,0,0,0,0,0,0,0,0,0,0,0,0,0
2016-10-24 00:19:59.380,228.79272,2.3664093,458.4137,-287.4298,0,0,0,0,0,0,0,0,0,0,0,0,0,0,0,0
2016-10-24 00:19:59.400,228.76465,2.3487854,452.5177,-289.6408,0,0,0,0,0,0,0,0,0,0,0,0,0,0,0,0
2016-10-24 00:19:59.420,228.80676,2.3103333,440.7257,-291.1148,0,0,0,0,0,0,0,0,0,0,0,0,0,0,0,0
2016-10-24 00:19:59.440,228.80676,2.3103333,440.7257,-291.1148,0,0,0,0,0,0,0,0,0,0,0,0,0,0,0,0
2016-10-24 00:19:59.460,228.76465,2.308731,439.9887,-291.1148,0,0,0,0,0,0,0,0,0,0,0,0,0,0,0,0
2016-10-24 00:19:59.480,228.6383,2.308731,440.7257,-289.6408,0,0,0,0,0,0,0,0,0,0,0,0,0,0,0,0
2016-10-24 00:19:59.500,228.73657,2.3231506,445.1477,-289.6408,0,0,0,0,0,0,0,0,0,0,0,0,0,0,0,0
2016-10-24 00:19:59.520,228.72253,2.3039246,438.5147,-291.8518,0,0,0,0,0,0,0,0,0,0,0,0,0,0,0,0
2016-10-24 00:19:59.540,228.66638,2.3343658,448.8327,-288.9038,0,0,0,0,0,0,0,0,0,0,0,0,0,0,0,0
2016-10-24 00:19:59.560,228.7085,2.343979,452.5177,-285.9558,0,0,0,0,0,0,0,0,0,0,0,0,0,0,0,0
2016-10-24 00:19:59.580,228.77869,2.3151398,442.1997,-291.1148,0,0,0,0,0,0,0,0,0,0,0,0,0,0,0,0
2016-10-24 00:19:59.600,228.83484,2.3295593,447.3587,-289.6408,0,0,0,0,0,0,0,0,0,0,0,0,0,0,0,0
2016-10-24 00:19:59.620,228.84888,2.3279572,446.6217,-290.3778,0,0,0,0,0,0,0,0,0,0,0,0,0,0,0,0
2016-10-24 00:19:59.640,228.76465,2.3343658,448.0957,-289.6408,0,0,0,0,0,0,0,0,0,0,0,0,0,0,0,0
2016-10-24 00:19:59.660,228.75061,2.3600006,456.9397,-285.9558,0,0,0,0,0,0,0,0,0,0,0,0,0,0,0,0
2016-10-24 00:19:59.680,228.72253,2.382431,463.5727,-285.9558,0,0,0,0,0,0,0,0,0,0,0,0,0,0,0,0
2016-10-24 00:19:59.700,228.73657,2.3327637,446.6217,-291.1148,0,0,0,0,0,0,0,0,0,0,0,0,0,0,0,0
2016-10-24 00:19:59.720,228.72253,2.3311615,446.6217,-291.1148,0,0,0,0,0,0,0,0,0,0,0,0,0,0,0,0
2016-10-24 00:19:59.740,228.76465,2.3375702,449.5697,-289.6408,0,0,0,0,0,0,0,0,0,0,0,0,0,0,0,0
2016-10-24 00:19:59.760,228.77869,2.3407745,449.5697,-290.3778,0,0,0,0,0,0,0,0,0,0,0,0,0,0,0,0
2016-10-24 00:19:59.780,228.73657,2.3391724,448.8327,-290.3778,0,0,0,0,0,0,0,0,0,0,0,0,0,0,0,0
2016-10-24 00:19:59.800,228.75061,2.343979,451.7807,-288.9038,0,0,0,0,0,0,0,0,0,0,0,0,0,0,0,0
2016-10-24 00:19:59.820,228.73657,2.382431,463.5727,-285.9558,0,0,0,0,0,0,0,0,0,0,0,0,0,0,0,0
2016-10-24 00:19:59.840,228.76465,2.3968506,467.9947,-284.4818,0,0,0,0,0,0,0,0,0,0,0,0,0,0,0,0
2016-10-24 00:19:59.860,228.79272,2.3792267,463.5727,-285.2188,0,0,0,0,0,0,0,0,0,0,0,0,0,0,0,0
2016-10-24 00:19:59.880,228.75061,2.3567963,455.4657,-287.4298,0,0,0,0,0,0,0,0,0,0,0,0,0,0,0,0
2016-10-24 00:19:59.900,228.76465,2.3407745,451.0437,-288.1668,0,0,0,0,0,0,0,0,0,0,0,0,0,0,0,0
2016-10-24 00:19:59.920,228.76465,2.3199463,442.9367,-291.8518,0,0,0,0,0,0,0,0,0,0,0,0,0,0,0,0
2016-10-24 00:19:59.940,228.73657,2.3023224,437.7777,-291.8518,0,0,0,0,0,0,0,0,0,0,0,0,0,0,0,0
2016-10-24 00:19:59.960,228.73657,2.3135376,441.4627,-291.8518,0,0,0,0,0,0,0,0,0,0,0,0,0,0,0,0
2016-10-24 00:19:59.980,228.76465,2.316742,442.9367,-291.1148,0,0,0,0,0,0,0,0,0,0,0,0,0,0,0,0
2016-10-24 00:20:00.000,228.79272,2.3135376,441.4627,-291.8518,0,0,0,0,0,0,0,0,0,0,0,1,0,0,0,1
2016-10-24 00:20:00.020,228.73657,2.3311615,447.3587,-289.6408,0,0,0,0,0,0,0,0,0,0,0,0,0,0,0,0
2016-10-24 00:20:00.040,228.76465,2.326355,445.1477,-290.3778,0,0,0,0,0,0,0,0,0,0,0,0,0,0,0,0
2016-10-24 00:20:00.060,228.77869,2.3151398,442.1997,-291.1148,0,0,0,0,0,0,0,0,0,0,0,0,0,0,0,0
2016-10-24 00:20:00.080,228.83484,2.3215485,443.6737,-291.1148,0,0,0,0,0,0,0,0,0,0,0,0,0,0,0,0
2016-10-24 00:20:00.100,228.79272,2.326355,445.8847,-291.1148,0,0,0,0,0,0,0,0,0,0,0,0,0,0,0,0
2016-10-24 00:20:00.120,228.75061,2.3343658,447.3587,-291.1148,0,0,0,0,0,0,0,0,0,0,0,0,0,0,0,0
2016-10-24 00:20:00.140,228.75061,2.3231506,444.4107,-291.1148,0,0,0,0,0,0,0,0,0,0,0,0,0,0,0,0
2016-10-24 00:20:00.160,228.77869,2.3471832,451.0437,-290.3778,0,0,0,0,0,0,0,0,0,0,0,0,0,0,0,0
2016-10-24 00:20:00.180,228.75061,2.326355,445.1477,-291.1148,0,0,0,0,0,0,0,0,0,0,0,0,0,0,0,0
2016-10-24 00:20:00.200,228.76465,2.3487854,451.7807,-290.3778,0,0,0,0,0,0,0,0,0,0,0,0,0,0,0,0
2016-10-24 00:20:00.220,228.75061,2.3776245,462.0987,-285.9558,0,0,0,0,0,0,0,0,0,0,0,0,0,0,0,0
2016-10-24 00:20:00.240,228.75061,2.3776245,462.0987,-286.6928,0,0,0,0,0,0,0,0,0,0,0,0,0,0,0,0
2016-10-24 00:20:00.260,228.75061,2.3840332,462.8357,-287.4298,0,0,0,0,0,0,0,0,0,0,0,0,0,0,0,0
2016-10-24 00:20:00.280,228.73657,2.3792267,462.8357,-285.9558,0,0,0,0,0,0,0,0,0,0,0,0,0,0,0,0
2016-10-24 00:20:00.300,228.73657,2.382431,463.5727,-285.9558,0,0,0,0,0,0,0,0,0,0,0,0,0,0,0,0
2016-10-24 00:20:00.320,228.77869,2.3519897,453.2547,-289.6408,0,0,0,0,0,0,0,0,0,0,0,0,0,0,0,0
2016-10-24 00:20:00.340,228.8208,2.3423767,450.3067,-290.3778,0,0,0,0,0,0,0,0,0,0,0,0,0,0,0,0
2016-10-24 00:20:00.360,228.76465,2.3600006,456.2027,-288.1668,0,0,0,0,0,0,0,0,0,0,0,0,0,0,0,0
2016-10-24 00:20:00.380,228.80676,2.3391724,448.8327,-290.3778,0,0,0,0,0,0,0,0,0,0,0,0,0,0,0,0
2016-10-24 00:20:00.400,228.79272,2.326355,444.4107,-291.8518,0,0,0,0,0,0,0,0,0,0,0,0,0,0,0,0
2016-10-24 00:20:00.420,228.75061,2.3135376,440.7257,-291.8518,0,0,0,0,0,0,0,0,0,0,0,0,0,0,0,0
2016-10-24 00:20:00.440,228.72253,2.307129,439.9887,-291.8518,0,0,0,0,0,0,0,0,0,0,0,0,0,0,0,0
2016-10-24 00:20:00.460,228.7085,2.3135376,442.1997,-290.3778,0,0,0,0,0,0,0,0,0,0,0,0,0,0,0,0
2016-10-24 00:20:00.480,228.6383,2.3007202,438.5147,-290.3778,0,0,0,0,0,0,0,0,0,0,0,0,0,0,0,0
2016-10-24 00:20:00.500,228.7085,2.3231506,443.6737,-291.8518,0,0,0,0,0,0,0,0,0,0,0,0,0,0,0,0
2016-10-24 00:20:00.520,228.73657,2.326355,445.8847,-289.6408,0,0,0,0,0,0,0,0,0,0,0,0,0,0,0,0
2016-10-24 00:20:00.540,228.76465,2.316742,442.1997,-291.8518,0,0,0,0,0,0,0,0,0,0,0,0,0,0,0,0
2016-10-24 00:20:00.560,228.8208,2.3279572,445.1477,-291.8518,0,0,0,0,0,0,0,0,0,0,0,0,0,0,0,0
2016-10-24 00:20:00.580,228.8208,2.3391724,449.5697,-288.9038,0,0,0,0,0,0,0,0,0,0,0,0,0,0,0,0
2016-10-24 00:20:00.600,228.76465,2.3391724,449.5697,-289.6408,0,0,0,0,0,0,0,0,0,0,0,0,0,0,0,0
2016-10-24 00:20:00.620,228.76465,2.3327637,448.0957,-289.6408,0,0,0,0,0,0,0,0,0,0,0,0,0,0,0,0
2016-10-24 00:20:00.640,228.79272,2.3487854,452.5177,-288.9038,0,0,0,0,0,0,0,0,0,0,0,0,0,0,0,0
2016-10-24 00:20:00.660,228.72253,2.3760223,462.0987,-285.9558,0,0,0,0,0,0,0,0,0,0,0,0,0,0,0,0
2016-10-24 00:20:00.680,228.69446,2.3984528,469.4687,-283.7448,0,0,0,0,0,0,0,0,0,0,0,0,0,0,0,0
2016-10-24 00:20:00.700,228.73657,2.4064636,470.9427,-284.4818,0,0,0,0,0,0,0,0,0,0,0,0,0,0,0,0
2016-10-24 00:20:00.720,228.73657,2.3792267,462.8357,-285.2188,0,0,0,0,0,0,0,0,0,0,0,0,0,0,0,0
2016-10-24 00:20:00.740,228.7085,2.3696136,459.1507,-286.6928,0,0,0,0,0,0,0,0,0,0,0,0,0,0,0,0
2016-10-24 00:20:00.760,228.75061,2.343979,451.0437,-289.6408,0,0,0,0,0,0,0,0,0,0,0,0,0,0,0,0
2016-10-24 00:20:00.780,228.77869,2.3391724,449.5697,-289.6408,0,0,0,0,0,0,0,0,0,0,0,0,0,0,0,0
2016-10-24 00:20:00.800,228.75061,2.3984528,468.7317,-284.4818,0,0,0,0,0,0,0,0,0,0,0,0,0,0,0,0
2016-10-24 00:20:00.820,228.79272,2.3648071,457.6767,-288.1668,0,0,0,0,0,0,0,0,0,0,0,0,0,0,0,0
2016-10-24 00:20:00.840,228.75061,2.3856354,465.0467,-285.2188,0,0,0,0,0,0,0,0,0,0,0,0,0,0,0,0
2016-10-24 00:20:00.860,228.76465,2.3696136,459.1507,-287.4298,0,0,0,0,0,0,0,0,0,0,0,0,0,0,0,0
2016-10-24 00:20:00.880,228.80676,2.343979,451.7807,-288.9038,0,0,0,0,0,0,0,0,0,0,0,0,0,0,0,0
2016-10-24 00:20:00.900,228.77869,2.355194,453.9917,-289.6408,0,0,0,0,0,0,0,0,0,0,0,0,0,0,0,0
2016-10-24 00:20:00.920,228.77869,2.3519897,453.9917,-288.1668,0,0,0,0,0,0,0,0,0,0,0,0,0,0,0,0
2016-10-24 00:20:00.940,228.76465,2.335968,448.0957,-290.3778,0,0,0,0,0,0,0,0,0,0,0,0,0,0,0,0
2016-10-24 00:20:00.960,228.80676,2.316742,442.1997,-291.8518,0,0,0,0,0,0,0,0,0,0,0,0,0,0,0,0
2016-10-24 00:20:00.980,228.79272,2.3135376,441.4627,-291.8518,0,0,0,0,0,0,0,0,0,0,0,0,0,0,0,0
2016-10-24 00:20:01.000,228.79272,2.3343658,447.3587,-291.1148,0,0,0,1,0,0,0,1,0,0,0,0,1,0,0,3
2016-10-24 00:20:01.020,228.83484,2.3311615,445.8847,-291.8518,0,0,0,0,0,0,0,0,0,0,0,0,0,0,0,0
2016-10-24 00:20:01.040,228.83484,2.3471832,451.7807,-290.3778,0,0,0,0,0,0,0,0,0,0,0,0,0,0,0,0
2016-10-24 00:20:01.060,228.83484,2.3215485,443.6737,-291.8518,0,0,0,0,0,0,0,0,0,0,0,0,0,0,0,0
2016-10-24 00:20:01.080,228.80676,2.3135376,440.7257,-292.5888,0,0,0,0,0,0,0,0,0,0,0,0,0,0,0,0
2016-10-24 00:20:01.100,228.79272,2.326355,445.1477,-291.8518,0,0,0,0,0,0,0,0,0,0,0,0,0,0,0,0
2016-10-24 00:20:01.120,228.80676,2.3215485,443.6737,-291.8518,0,0,0,0,0,0,0,0,0,0,0,0,0,0,0,0
2016-10-24 00:20:01.140,228.79272,2.3151398,441.4627,-291.8518,0,0,0,0,0,0,0,0,0,0,0,0,0,0,0,0
2016-10-24 00:20:01.160,228.69446,2.3119354,441.4627,-291.1148,0,0,0,0,0,0,0,0,0,0,0,0,0,0,0,0
2016-10-24 00:20:01.180,228.73657,2.316742,442.9367,-290.3778,0,0,0,0,0,0,0,0,0,0,0,0,0,0,0,0
2016-10-24 00:20:01.200,228.69446,2.3279572,445.1477,-291.1148,0,0,0,0,0,0,0,0,0,0,0,0,0,0,0,0
2016-10-24 00:20:01.220,228.6383,2.326355,445.1477,-290.3778,0,0,0,0,0,0,0,0,0,0,0,0,0,0,0,0
2016-10-24 00:20:01.240,228.62427,2.3648071,458.4137,-286.6928,0,0,0,0,0,0,0,0,0,0,0,0,0,0,0,0
2016-10-24 00:20:01.260,228.68042,2.343979,451.0437,-288.1668,0,0,0,0,0,0,0,0,0,0,0,0,0,0,0,0
2016-10-24 00:20:01.280,228.75061,2.3327637,447.3587,-290.3778,0,0,0,0,0,0,0,0,0,0,0,0,0,0,0,0
2016-10-24 00:20:01.300,228.73657,2.3487854,452.5177,-289.6408,0,0,0,0,0,0,0,0,0,0,0,0,0,0,0,0
2016-10-24 00:20:01.320,228.73657,2.3343658,448.0957,-289.6408,0,0,0,0,0,0,0,0,0,0,0,0,0,0,0,0
2016-10-24 00:20:01.340,228.76465,2.3343658,447.3587,-291.1148,0,0,0,0,0,0,0,0,0,0,0,0,0,0,0,0
2016-10-24 00:20:01.360,228.77869,2.3471832,452.5177,-288.1668,0,0,0,0,0,0,0,0,0,0,0,0,0,0,0,0
2016-10-24 00:20:01.380,228.73657,2.345581,451.7807,-288.9038,0,0,0,0,0,0,0,0,0,0,0,0,0,0,0,0
2016-10-24 00:20:01.400,228.68042,2.363205,457.6767,-286.6928,0,0,0,0,0,0,0,0,0,0,0,0,0,0,0,0
2016-10-24 00:20:01.420,228.72253,2.3808289,463.5727,-285.2188,0,0,0,0,0,0,0,0,0,0,0,0,0,0,0,0
2016-10-24 00:20:01.440,228.72253,2.3872375,465.0467,-285.9558,0,0,0,0,0,0,0,0,0,0,0,0,0,0,0,0
2016-10-24 00:20:01.460,228.72253,2.3744202,460.6247,-286.6928,0,0,0,0,0,0,0,0,0,0,0,0,0,0,0,0
2016-10-24 00:20:01.480,228.61023,2.3712158,461.3617,-284.4818,0,0,0,0,0,0,0,0,0,0,0,0,0,0,0,0
2016-10-24 00:20:01.500,228.72253,2.3888397,464.3097,-286.6928,0,0,0,0,0,0,0,0,0,0,0,0,0,0,0,0
2016-10-24 00:20:01.520,228.75061,2.3744202,461.3617,-286.6928,0,0,0,0,0,0,0,0,0,0,0,0,0,0,0,0
2016-10-24 00:20:01.540,228.7085,2.400055,469.4687,-283.7448,0,0,0,0,0,0,0,0,0,0,0,0,0,0,0,0
2016-10-24 00:20:01.560,228.7085,2.3968506,467.9947,-284.4818,0,0,0,0,0,0,0,0,0,0,0,0,0,0,0,0
2016-10-24 00:20:01.580,228.69446,2.382431,465.0467,-284.4818,0,0,0,0,0,0,0,0,0,0,0,0,0,0,0,0
2016-10-24 00:20:01.600,228.69446,2.4080658,471.6797,-283.0078,0,0,0,0,0,0,0,0,0,0,0,0,0,0,0,0
2016-10-24 00:20:01.620,228.7085,2.392044,467.2577,-283.7448,0,0,0,0,0,0,0,0,0,0,0,0,0,0,0,0
2016-10-24 00:20:01.640,228.68042,2.363205,456.9397,-288.1668,0,0,0,0,0,0,0,0,0,0,0,0,0,0,0,0
2016-10-24 00:20:01.660,228.61023,2.3696136,459.8877,-285.2188,0,0,0,0,0,0,0,0,0,0,0,0,0,0,0,0
2016-10-24 00:20:01.680,228.59619,2.372818,460.6247,-285.9558,0,0,0,0,0,0,0,0,0,0,0,0,0,0,0,0
2016-10-24 00:20:01.700,228.58215,2.3712158,459.8877,-286.6928,0,0,0,0,0,0,0,0,0,0,0,0,0,0,0,0
2016-10-24 00:20:01.720,228.59619,2.3760223,462.8357,-284.4818,0,0,0,0,0,0,0,0,0,0,0,0,0,0,0,0
2016-10-24 00:20:01.740,228.65234,2.3648071,457.6767,-287.4298,0,0,0,0,0,0,0,0,0,0,0,0,0,0,0,0
2016-10-24 00:20:01.760,228.69446,2.3744202,461.3617,-285.9558,0,0,0,0,0,0,0,0,0,0,0,0,0,0,0,0
2016-10-24 00:20:01.780,228.7085,2.3952484,468.7317,-283.0078,0,0,0,0,0,0,0,0,0,0,0,0,0,0,0,0
2016-10-24 00:20:01.800,228.66638,2.3600006,456.2027,-287.4298,0,0,0,0,0,0,0,0,0,0,0,0,0,0,0,0
2016-10-24 00:20:01.820,228.7085,2.3247528,445.1477,-289.6408,0,0,0,0,0,0,0,0,0,0,0,0,0,0,0,0
2016-10-24 00:20:01.840,228.66638,2.3808289,462.8357,-285.9558,0,0,0,0,0,0,0,0,0,0,0,0,0,0,0,0
2016-10-24 00:20:01.860,228.68042,2.363205,457.6767,-286.6928,0,0,0,0,0,0,0,0,0,0,0,0,0,0,0,0
2016-10-24 00:20:01.880,228.65234,2.3744202,460.6247,-285.9558,0,0,0,0,0,0,0,0,0,0,0,0,0,0,0,0
2016-10-24 00:20:01.900,228.68042,2.3471832,451.7807,-288.9038,0,0,0,0,0,0,0,0,0,0,0,0,0,0,0,0
2016-10-24 00:20:01.920,228.72253,2.3391724,448.0957,-291.1148,0,0,0,0,0,0,0,0,0,0,0,0,0,0,0,0
2016-10-24 00:20:01.940,228.69446,2.3600006,455.4657,-288.9038,0,0,0,0,0,0,0,0,0,0,0,0,0,0,0,0
2016-10-24 00:20:01.960,228.73657,2.3423767,450.3067,-290.3778,0,0,0,0,0,0,0,0,0,0,0,0,0,0,0,0
2016-10-24 00:20:01.980,228.73657,2.3151398,440.7257,-292.5888,0,0,0,0,0,0,0,0,0,0,0,0,0,0,0,0
2016-10-24 00:20:02.000,228.75061,2.316742,441.4627,-291.8518,0,0,0,0,0,0,0,0,0,0,0,1,0,0,0,1
2016-10-24 00:20:02.020,228.76465,2.326355,445.1477,-291.8518,0,0,0,0,0,0,0,0,0,0,0,0,0,0,0,0
2016-10-24 00:20:02.040,228.73657,2.3135376,440.7257,-291.8518,0,0,0,0,0,0,0,0,0,0,0,0,0,0,0,0
2016-10-24 00:20:02.060,228.76465,2.3135376,441.4627,-291.8518,0,0,0,0,0,0,0,0,0,0,0,0,0,0,0,0
2016-10-24 00:20:02.080,228.75061,2.3199463,442.9367,-291.8518,0,0,0,0,0,0,0,0,0,0,0,0,0,0,0,0
2016-10-24 00:20:02.100,228.72253,2.3135376,441.4627,-291.1148,0,0,0,0,0,0,0,0,0,0,0,0,0,0,0,0
2016-10-24 00:20:02.120,228.7085,2.308731,439.9887,-291.8518,0,0,0,0,0,0,0,0,0,0,0,0,0,0,0,0
2016-10-24 00:20:02.140,228.66638,2.3199463,443.6737,-290.3778,0,0,0,0,0,0,0,0,0,0,0,0,0,0,0,0
2016-10-24 00:20:02.160,228.68042,2.326355,445.8847,-289.6408,0,0,0,0,0,0,0,0,0,0,0,0,0,0,0,0
2016-10-24 00:20:02.180,228.6383,2.353592,453.9917,-288.1668,0,0,0,0,0,0,0,0,0,0,0,0,0,0,0,0
2016-10-24 00:20:02.200,228.6383,2.3680115,459.8877,-285.2188,0,0,0,0,0,0,0,0,0,0,0,0,0,0,0,0
2016-10-24 00:20:02.220,228.68042,2.3519897,453.2547,-288.1668,0,0,0,0,0,0,0,0,0,0,0,0,0,0,0,0
2016-10-24 00:20:02.240,228.73657,2.3375702,448.8327,-289.6408,0,0,0,0,0,0,0,0,0,0,0,0,0,0,0,0
2016-10-24 00:20:02.260,228.73657,2.3471832,451.7807,-289.6408,0,0,0,0,0,0,0,0,0,0,0,0,0,0,0,0
2016-10-24 00:20:02.280,228.68042,2.326355,445.8847,-289.6408,0,0,0,0,0,0,0,0,0,0,0,0,0,0,0,0
2016-10-24 00:20:02.300,228.66638,2.3279572,446.6217,-288.9038,0,0,0,0,0,0,0,0,0,0,0,0,0,0,0,0
2016-10-24 00:20:02.320,228.75061,2.3487854,452.5177,-288.9038,0,0,0,0,0,0,0,0,0,0,0,0,0,0,0,0
2016-10-24 00:20:02.340,228.75061,2.3295593,446.6217,-290.3778,0,0,0,0,0,0,0,0,0,0,0,0,0,0,0,0
2016-10-24 00:20:02.360,228.72253,2.3583984,456.2027,-287.4298,0,0,0,0,0,0,0,0,0,0,0,0,0,0,0,0
2016-10-24 00:20:02.380,228.7085,2.3952484,468.7317,-283.7448,0,0,0,0,0,0,0,0,0,0,0,0,0,0,0,0
2016-10-24 00:20:02.400,228.75061,2.3808289,463.5727,-285.2188,0,0,0,0,0,0,0,0,0,0,0,0,0,0,0,0
2016-10-24 00:20:02.420,228.75061,2.3712158,459.8877,-286.6928,0,0,0,0,0,0,0,0,0,0,0,0,0,0,0,0
2016-10-24 00:20:02.440,228.72253,2.3664093,459.1507,-285.9558,0,0,0,0,0,0,0,0,0,0,0,0,0,0,0,0
2016-10-24 00:20:02.460,228.73657,2.3840332,464.3097,-285.9558,0,0,0,0,0,0,0,0,0,0,0,0,0,0,0,0
2016-10-24 00:20:02.480,228.66638,2.3712158,460.6247,-285.2188,0,0,0,0,0,0,0,0,0,0,0,0,0,0,0,0
2016-10-24 00:20:02.500,228.77869,2.3888397,465.0467,-285.9558,0,0,0,0,0,0,0,0,0,0,0,0,0,0,0,0
2016-10-24 00:20:02.520,228.79272,2.3856354,465.0467,-285.2188,0,0,0,0,0,0,0,0,0,0,0,0,0,0,0,0
2016-10-24 00:20:02.540,228.77869,2.3776245,462.8357,-285.2188,0,0,0,0,0,0,0,0,0,0,0,0,0,0,0,0
2016-10-24 00:20:02.560,228.80676,2.3856354,464.3097,-286.6928,0,0,0,0,0,0,0,0,0,0,0,0,0,0,0,0
2016-10-24 00:20:02.580,228.79272,2.355194,454.7287,-288.9038,0,0,0,0,0,0,0,0,0,0,0,0,0,0,0,0
2016-10-24 00:20:02.600,228.76465,2.3295593,446.6217,-290.3778,0,0,0,0,0,0,0,0,0,0,0,0,0,0,0,0
2016-10-24 00:20:02.620,228.77869,2.3391724,448.8327,-290.3778,0,0,0,0,0,0,0,0,0,0,0,0,0,0,0,0
2016-10-24 00:20:02.640,228.79272,2.3279572,445.8847,-290.3778,0,0,0,0,0,0,0,0,0,0,0,0,0,0,0,0
2016-10-24 00:20:02.660,228.76465,2.3423767,449.5697,-290.3778,0,0,0,0,0,0,0,0,0,0,0,0,0,0,0,0
2016-10-24 00:20:02.680,228.80676,2.335968,448.8327,-289.6408,0,0,0,0,0,0,0,0,0,0,0,0,0,0,0,0
2016-10-24 00:20:02.700,228.84888,2.355194,453.9917,-289.6408,0,0,0,0,0,0,0,0,0,0,0,0,0,0,0,0
2016-10-24 00:20:02.720,228.87695,2.3503876,452.5177,-290.3778,0,0,0,0,0,0,0,0,0,0,0,0,0,0,0,0
2016-10-24 00:20:02.740,228.91907,2.3391724,449.5697,-289.6408,0,0,0,0,0,0,0,0,0,0,0,0,0,0,0,0
2016-10-24 00:20:02.760,228.83484,2.3327637,447.3587,-291.1148,0,0,0,0,0,0,0,0,0,0,0,0,0,0,0,0
2016-10-24 00:20:02.780,228.86292,2.3119354,440.7257,-291.8518,0,0,0,0,0,0,0,0,0,0,0,0,0,0,0,0
2016-10-24 00:20:02.800,228.86292,2.3231506,444.4107,-291.8518,0,0,0,0,0,0,0,0,0,0,0,0,0,0,0,0
2016-10-24 00:20:02.820,228.84888,2.3231506,444.4107,-291.1148,0,0,0,0,0,0,0,0,0,0,0,0,0,0,0,0
2016-10-24 00:20:02.840,228.84888,2.3423767,450.3067,-290.3778,0,0,0,0,0,0,0,0,0,0,0,0,0,0,0,0
2016-10-24 00:20:02.860,228.86292,2.335968,447.3587,-291.8518,0,0,0,0,0,0,0,0,0,0,0,0,0,0,0,0
2016-10-24 00:20:02.880,228.87695,2.3423767,451.7807,-288.1668,0,0,0,0,0,0,0,0,0,0,0,0,0,0,0,0
2016-10-24 00:20:02.900,228.86292,2.3215485,444.4107,-291.1148,0,0,0,0,0,0,0,0,0,0,0,0,0,0,0,0
2016-10-24 00:20:02.920,228.87695,2.3007202,437.7777,-291.8518,0,0,0,0,0,0,0,0,0,0,0,0,0,0,0,0
2016-10-24 00:20:02.940,228.90503,2.3103333,440.7257,-291.8518,0,0,0,0,0,0,0,0,0,0,0,0,0,0,0,0
2016-10-24 00:20:02.960,228.90503,2.318344,442.9367,-291.8518,0,0,0,0,0,0,0,0,0,0,0,0,0,0,0,0
2016-10-24 00:20:02.980,228.9331,2.316742,443.6737,-290.3778,0,0,0,0,0,0,0,0,0,0,0,0,0,0,0,0
